3 packages :,,
,,
N°1 - Diagnostic & feuille de route,"N°2 - Accompagnement stratégique mensuel 
(offre cœur)",N°3 – Renfort senior /mission spécifique
Structuration & organisation,Visibilité stratégique & structuration administrative,Support communication
"Objectif : mission d'introduction / mise en relation et compréhension globale de l'organisation
Cible : dirigeants de TPE/PME
Contenu : 
audit organisationnel, communication et partenariats

cartographie des projets en cours et analyse des processus

identification des tâches chronophages du dirigeant

priorisation stratégique et recommandations

proposition d'accompagnement mensuel si souhaité

Durée : mission courte 5 à 10 jours
Livrable : rapport de diagnostic + feuille de route 3-6 mois
TJM : 500€/j","Objectif : stabiliser l'activité du client et assurer un accompagnement global sur le long terme
Cible : dirigeants TPE/PME souhaitant déléguer le pilotage de leur organisation et projets tout en restant stratégiques
Contenu : 
coordination de l'activité globale du dirigeant 

pilotage des projets stratégiques

support administratif structurant (process, suivi, priorisation)

conseil stratégique en communication et partenariats

suivi mensuel et ajustements de la feuille de route

Durée : 4 clients maximum, 3,5j/mois 
Répartition stratégique / administratif : 70% / 30% 
TJM : 450€/j sans prestataire suppl.
Revenu net estimé par client : 1 575€/mois","Objectif : soutenir l'activité d'une agence sous marque blanche pour résoudre un problème spécifique ou lancer un projet
Cible : agence 
Contenu : 
structuration d'une fonction communication en RP finance 

pilotage projets

accompagnement spécifique 

Durée : 1 à 3 mois, soit 2-5 jours par mois selon la mission
TJM : 500€/j
Revenu net estimé : 1000-2500€/mois selon charge"
"Bénéfices clients : 
Vision claire de leur organisation et priorités

Recommandations concrètes pour gagner du temps

Identification immédiate de leviers de développement","Bénéfices clients :
Gain de temps significatif pour le dirigeant

Organisation et projets pilotés avec expertise

Décisions sécurisées et appuyées sur des recommandations stratégiques

Vision globale cohérente entre organisation, communication et partenariats","Bénéfices clients :
Renfort stratégique et opérationnnel fiable 

Résultats rapides et concrets sur une problématique ciblée avec respect des délais

Expertise senior ponctuelle pour compléter l'organisation interne

Flexibilité et accompagnement sur mesure

Capacité à sécuriser la qualité et la cohérence pour vos clients finaux"
"Discours commercial : 
Cf. =>
Call-to-action : 
« Je vous propose un premier diagnostic stratégique de votre organisation pour identifier vos priorités et définir un plan d'actions concret pour gagner du temps et structurer votre activité. »","Discours commercial : 
« En tant que consultante en structuration et communication stratégique, j'accompagne les dirigeants TPE/PME pour structurer votre organisation, piloter vos projets clés et développer votre notoriété, tout en libérant votre temps et sécurisant vos décisions. »

Problématique client : 
« Vous êtes confronté à des tâches chronophages, des projets dispersés et une notoriété à renforcer. Vous souhaitez vous concentrer sur votre cœur de métier sans perdre le contrôle de votre entreprise. »","Discours commercial : 
« Vous êtes une agence de communication et souhaitez renforcer vos équipes sans engagement, je vous invite à me contacter pour discuter ensemble d'une potentielle collaboration. Avec plus de 8 ans d'expérience en agence de communication spécialisée dans la finance, je travaille en marque blanche pour les acteurs de la communication pour renforcer leur offre et sécuriser leurs projets clients en apportant un soutien stratégique et opérationnel senior »

Problématique client : 
« Vous devez gérer plusieurs clients exigeants et des projets complexes, mais vos ressources internes sont limitées. Vous recherchez un partenaire fiable capable de piloter certains projets et d'apporter conseil et expertise sans surcharger votre équipe. »

Call-to-action :
« Discutons de la manière dont je peux devenir un partenaire en marque blanche pour vos projets prioritaires et renforcer la valeur apportée à vos clients. »"
"Narration :
audit clair et précis avec un plan d'actions délivré

bras droit externalisé (déléguer en confiance)

interlocuteur unique

gain de temps 

structuration globale de l'activité

améliorer la visibilité auprès de ses cibles",,"Narration :
renfort senior fiable (équipe comme client)

expertise RP/journalistes

marque blanche

sécurisation client final

connaissance de l'organisation et des process de l'agence Fargo Sachinka, voire même de certains anciens clients"
"Offre : 
> Accompagnement récurrent : 4 clients, soit +/- 3,5j/mois
> Missions ponctuelles / diagnostic : 1-2 clients, soit 2 à 5j/mois
Total 6 clients
TJM entre 450 et 600€",,